Temperature (K);Pressure (MPa);Density (kg/m3);Volume (m3/kg);Internal Energy (kJ/kg);Enthalpy (kJ/kg);Entropy (J/g*K);Cv (J/g*K);Cp (J/g*K);Sound Spd, (m/s);Joule-Thomson (K/MPa);Viscosity (Pa*s);Therm, Cond, (W/m*K);Phase
20,324;0,1;1,3164;0,75962;372,5;448,47;22,066;6,4471;12,018;356,17;18,325;9,94E-07;0,017396;vapor
20,65;0,11;1,4348;0,69695;373,55;450,21;21,797;6,4609;12,155;357,98;17,994;1,01E-06;0,017806;vapor
20,956;0,12;1,5526;0,6441;374,47;451,76;21,549;6,4748;12,291;359,61;17,693;1,03E-06;0,018199;vapor
21,243;0,13;1,6698;0,59889;375,3;453,15;21,321;6,4886;12,428;361,08;17,417;1,05E-06;0,018576;vapor
21,516;0,14;1,7866;0,55974;376,03;454,39;21,108;6,5025;12,565;362,43;17,162;1,06E-06;0,018939;vapor
21,774;0,15;1,903;0,52548;376,68;455,51;20,909;6,5164;12,703;363,66;16,926;1,08E-06;0,01929;vapor
22,021;0,16;2,0192;0,49524;377,27;456,51;20,722;6,5304;12,842;364,79;16,704;1,09E-06;0,019631;vapor
22,257;0,17;2,1352;0,46834;377,8;457,41;20,545;6,5444;12,982;365,84;16,496;1,10E-06;0,019963;vapor
22,483;0,18;2,2511;0,44423;378,27;458,23;20,378;6,5584;13,123;366,8;16,3;1,12E-06;0,020287;vapor
22,701;0,19;2,3669;0,4225;378,68;458,96;20,218;6,5724;13,265;367,7;16,115;1,13E-06;0,020604;vapor
22,91;0,2;2,4826;0,4028;379,06;459,62;20,066;6,5865;13,408;368,53;15,939;1,14E-06;0,020914;vapor
23,113;0,21;2,5984;0,38485;379,39;460,21;19,921;6,6006;13,553;369,31;15,771;1,16E-06;0,021218;vapor
23,308;0,22;2,7142;0,36843;379,68;460,73;19,781;6,6147;13,7;370,03;15,611;1,17E-06;0,021516;vapor
23,498;0,23;2,8301;0,35334;379,93;461,2;19,647;6,6288;13,848;370,71;15,458;1,18E-06;0,02181;vapor
23,681;0,24;2,9461;0,33943;380,15;461,62;19,518;6,6429;13,998;371,34;15,311;1,19E-06;0,0221;vapor
23,86;0,25;3,0623;0,32655;380,34;461,98;19,393;6,6571;14,149;371,93;15,17;1,20E-06;0,022385;vapor
24,033;0,26;3,1786;0,3146;380,5;462,3;19,273;6,6712;14,303;372,48;15,035;1,21E-06;0,022667;vapor
24,202;0,27;3,2952;0,30347;380,64;462,57;19,156;6,6854;14,459;373;14,904;1,22E-06;0,022945;vapor
24,366;0,28;3,412;0,29308;380,74;462,81;19,043;6,6996;14,617;373,49;14,778;1,23E-06;0,023221;vapor
24,527;0,29;3,5291;0,28336;380,82;463;18,933;6,7138;14,777;373,95;14,656;1,24E-06;0,023494;vapor
24,683;0,3;3,6464;0,27424;380,88;463,15;18,826;6,728;14,94;374,38;14,538;1,25E-06;0,023764;vapor
24,836;0,31;3,764;0,26567;380,92;463,28;18,722;6,7422;15,105;374,78;14,424;1,26E-06;0,024032;vapor
24,985;0,32;3,882;0,2576;380,93;463,36;18,62;6,7564;15,272;375,16;14,313;1,27E-06;0,024298;vapor
25,131;0,33;4,0004;0,24998;380,93;463,42;18,521;6,7706;15,442;375,51;14,205;1,28E-06;0,024562;vapor
25,275;0,34;4,1191;0,24277;380,9;463,44;18,424;6,7849;15,615;375,85;14,1;1,29E-06;0,024825;vapor
25,415;0,35;4,2382;0,23595;380,86;463,44;18,33;6,7991;15,791;376,16;13,998;1,30E-06;0,025086;vapor
25,552;0,36;4,3577;0,22948;380,79;463,41;18,237;6,8134;15,97;376,46;13,898;1,31E-06;0,025346;vapor
25,687;0,37;4,4777;0,22333;380,71;463,35;18,146;6,8277;16,153;376,73;13,801;1,32E-06;0,025605;vapor
25,819;0,38;4,5981;0,21748;380,62;463,26;18,057;6,842;16,338;376,99;13,706;1,33E-06;0,025862;vapor
25,949;0,39;4,7191;0,21191;380,5;463,15;17,97;6,8563;16,527;377,23;13,613;1,34E-06;0,02612;vapor
26,076;0,4;4,8405;0,20659;380,37;463,01;17,884;6,8706;16,719;377,46;13,523;1,35E-06;0,026376;vapor
26,202;0,41;4,9624;0,20151;380,23;462,85;17,8;6,885;16,916;377,67;13,434;1,36E-06;0,026632;vapor
26,325;0,42;5,0849;0,19666;380,07;462,67;17,717;6,8994;17,116;377,87;13,347;1,37E-06;0,026888;vapor
26,446;0,43;5,2079;0,19202;379,9;462,46;17,636;6,9138;17,32;378,06;13,262;1,38E-06;0,027143;vapor
26,565;0,44;5,3315;0,18756;379,71;462,24;17,556;6,9282;17,528;378,23;13,178;1,39E-06;0,027398;vapor
26,682;0,45;5,4558;0,18329;379,5;461,99;17,477;6,9427;17,74;378,39;13,096;1,39E-06;0,027654;vapor
26,798;0,46;5,5806;0,17919;379,29;461,72;17,399;6,9572;17,957;378,54;13,016;1,40E-06;0,027909;vapor
26,912;0,47;5,7061;0,17525;379,06;461,43;17,322;6,9717;18,179;378,67;12,937;1,41E-06;0,028165;vapor
27,024;0,48;5,8322;0,17146;378,82;461,12;17,246;6,9863;18,406;378,8;12,859;1,42E-06;0,028421;vapor
27,134;0,49;5,959;0,16781;378,56;460,79;17,172;7,0009;18,637;378,92;12,782;1,43E-06;0,028678;vapor
27,243;0,5;6,0866;0,1643;378,29;460,44;17,098;7,0155;18,874;379,02;12,707;1,44E-06;0,028935;vapor
27,35;0,51;6,2148;0,16091;378,01;460,07;17,025;7,0302;19,117;379,12;12,632;1,45E-06;0,029194;vapor
27,456;0,52;6,3438;0,15763;377,71;459,68;16,952;7,045;19,365;379,21;12,559;1,46E-06;0,029453;vapor
27,56;0,53;6,4736;0,15447;377,41;459,28;16,881;7,0597;19,619;379,29;12,486;1,47E-06;0,029713;vapor
27,663;0,54;6,6042;0,15142;377,09;458,85;16,81;7,0746;19,88;379,36;12,415;1,47E-06;0,029974;vapor
27,765;0,55;6,7356;0,14847;376,76;458,41;16,74;7,0895;20,147;379,42;12,345;1,48E-06;0,030237;vapor
27,866;0,56;6,8678;0,14561;376,41;457,95;16,671;7,1044;20,421;379,48;12,275;1,49E-06;0,030501;vapor
27,965;0,57;7,0009;0,14284;376,06;457,47;16,602;7,1194;20,702;379,53;12,206;1,50E-06;0,030767;vapor
28,063;0,58;7,1349;0,14016;375,69;456,98;16,534;7,1345;20,99;379,57;12,138;1,51E-06;0,031034;vapor
28,159;0,59;7,2698;0,13755;375,31;456,47;16,466;7,1496;21,286;379,61;12,07;1,52E-06;0,031303;vapor
28,255;0,6;7,4057;0,13503;374,92;455,93;16,399;7,1648;21,59;379,63;12,004;1,53E-06;0,031574;vapor
28,35;0,61;7,5426;0,13258;374,51;455,39;16,332;7,18;21,903;379,66;11,937;1,54E-06;0,031848;vapor
28,443;0,62;7,6804;0,1302;374,1;454,82;16,266;7,1954;22,224;379,67;11,872;1,54E-06;0,032123;vapor
28,535;0,63;7,8193;0,12789;373,67;454,24;16,2;7,2108;22,555;379,68;11,807;1,55E-06;0,032401;vapor
28,627;0,64;7,9592;0,12564;373,23;453,64;16,135;7,2262;22,895;379,68;11,742;1,56E-06;0,032681;vapor
28,717;0,65;8,1003;0,12345;372,78;453,02;16,07;7,2418;23,246;379,68;11,678;1,57E-06;0,032964;vapor
28,806;0,66;8,2425;0,12132;372,31;452,39;16,005;7,2574;23,607;379,68;11,615;1,58E-06;0,03325;vapor
28,895;0,67;8,3858;0,11925;371,84;451,73;15,941;7,2732;23,98;379,66;11,552;1,59E-06;0,033539;vapor
28,982;0,68;8,5304;0,11723;371,35;451,06;15,877;7,289;24,364;379,65;11,489;1,60E-06;0,033832;vapor
29,069;0,69;8,6761;0,11526;370,85;450,37;15,813;7,3049;24,761;379,62;11,426;1,61E-06;0,034127;vapor
29,154;0,7;8,8232;0,11334;370,33;449,67;15,75;7,3209;25,171;379,6;11,364;1,62E-06;0,034426;vapor
29,239;0,71;8,9716;0,11146;369,8;448,94;15,687;7,337;25,594;379,57;11,302;1,63E-06;0,034729;vapor
29,323;0,72;9,1213;0,10963;369,27;448,2;15,623;7,3532;26,032;379,53;11,241;1,63E-06;0,035037;vapor
29,406;0,73;9,2725;0,10785;368,71;447,44;15,561;7,3695;26,485;379,49;11,179;1,64E-06;0,035348;vapor
29,489;0,74;9,425;0,1061;368,15;446,66;15,498;7,3859;26,955;379,45;11,118;1,65E-06;0,035663;vapor
29,57;0,75;9,5791;0,10439;367,57;445,86;15,435;7,4025;27,441;379,4;11,057;1,66E-06;0,035984;vapor
29,651;0,76;9,7347;0,10272;366,98;445,05;15,373;7,4191;27,945;379,34;10,996;1,67E-06;0,036309;vapor
29,731;0,77;9,892;0,10109;366,37;444,21;15,31;7,4359;28,468;379,29;10,935;1,68E-06;0,03664;vapor
29,81;0,78;10,051;0,099494;365,75;443,35;15,248;7,4528;29,012;379,23;10,874;1,69E-06;0,036976;vapor
29,889;0,79;10,211;0,097929;365,11;442,48;15,185;7,4699;29,577;379,16;10,813;1,70E-06;0,037317;vapor
29,967;0,8;10,374;0,096397;364,47;441,58;15,123;7,487;30,164;379,1;10,753;1,71E-06;0,037665;vapor
30,044;0,81;10,538;0,094895;363,8;440,67;15,06;7,5043;30,776;379,03;10,692;1,72E-06;0,038019;vapor
30,12;0,82;10,704;0,093422;363,12;439,73;14,998;7,5218;31,413;378,95;10,631;1,73E-06;0,03838;vapor
30,196;0,83;10,872;0,091978;362,43;438,77;14,935;7,5394;32,078;378,87;10,57;1,74E-06;0,038748;vapor
30,271;0,84;11,042;0,090561;361,72;437,79;14,873;7,5571;32,772;378,79;10,509;1,75E-06;0,039124;vapor
30,346;0,85;11,215;0,08917;360,99;436,78;14,81;7,575;33,497;378,71;10,448;1,76E-06;0,039507;vapor
30,419;0,86;11,389;0,087804;360,24;435,76;14,747;7,5931;34,255;378,62;10,386;1,77E-06;0,039899;vapor
30,493;0,87;11,566;0,086462;359,48;434,7;14,684;7,6113;35,05;378,53;10,325;1,78E-06;0,040299;vapor
30,565;0,88;11,745;0,085142;358,7;433,63;14,621;7,6298;35,883;378,44;10,263;1,79E-06;0,040709;vapor
30,637;0,89;11,927;0,083845;357,91;432,53;14,557;7,6483;36,757;378,34;10,201;1,80E-06;0,041129;vapor
30,709;0,9;12,111;0,082569;357,09;431,4;14,493;7,6671;37,676;378,24;10,138;1,81E-06;0,041559;vapor
30,779;0,91;12,298;0,081314;356,25;430,25;14,429;7,6861;38,643;378,14;10,075;1,83E-06;0,042;vapor
30,85;0,92;12,488;0,080077;355,4;429,07;14,364;7,7053;39,663;378,04;10,012;1,84E-06;0,042453;vapor
30,919;0,93;12,681;0,078859;354,52;427,86;14,3;7,7246;40,738;377,93;9,9484;1,85E-06;0,042919;vapor
30,989;0,94;12,877;0,077659;353,62;426,62;14,234;7,7442;41,875;377,82;9,8841;1,86E-06;0,043397;vapor
31,057;0,95;13,076;0,076476;352,7;425,35;14,168;7,764;43,079;377,71;9,8193;1,87E-06;0,04389;vapor
31,125;0,96;13,279;0,075308;351,75;424,05;14,102;7,784;44,355;377,59;9,754;1,88E-06;0,044398;vapor
31,193;0,97;13,485;0,074156;350,78;422,71;14,035;7,8043;45,712;377,47;9,6879;1,90E-06;0,044923;vapor
31,26;0,98;13,695;0,073018;349,79;421,34;13,968;7,8248;47,155;377,35;9,6212;1,91E-06;0,045464;vapor
31,326;0,99;13,91;0,071893;348,76;419,94;13,9;7,8456;48,695;377,23;9,5537;1,92E-06;0,046024;vapor
31,393;1;14,128;0,070781;347,71;418,49;13,831;7,8666;50,341;377,1;9,4853;1,94E-06;0,046604;vapor
31,458;1,01;14,351;0,069682;346,63;417,01;13,761;7,8879;52,104;376,97;9,4161;1,95E-06;0,047205;vapor
31,523;1,02;14,579;0,068593;345,52;415,48;13,691;7,9094;53,998;376,84;9,3459;1,96E-06;0,04783;vapor
31,588;1,03;14,812;0,067514;344,37;413,91;13,62;7,9313;56,037;376,71;9,2746;1,98E-06;0,048479;vapor
31,652;1,04;15,05;0,066445;343,19;412,3;13,547;7,9534;58,24;376,57;9,2022;1,99E-06;0,049156;vapor
31,715;1,05;15,294;0,065385;341,98;410,63;13,474;7,9758;60,626;376,44;9,1286;2,01E-06;0,049862;vapor
31,778;1,06;15,544;0,064332;340,72;408,91;13,399;7,9986;63,219;376,3;9,0536;2,02E-06;0,050601;vapor
31,841;1,07;15,801;0,063285;339,42;407,14;13,324;8,0217;66,047;376,15;8,9771;2,04E-06;0,051375;vapor
31,903;1,08;16,066;0,062244;338,08;405,3;13,246;8,0451;69,145;376,01;8,8991;2,05E-06;0,052189;vapor
31,965;1,09;16,338;0,061208;336,69;403,4;13,168;8,0689;72,551;375,86;8,8193;2,07E-06;0,053046;vapor
32,027;1,1;16,618;0,060175;335,24;401,44;13,087;8,0931;76,315;375,71;8,7376;2,09E-06;0,05395;vapor
32,087;1,11;16,908;0,059145;333,74;399,39;13,005;8,1176;80,495;375,56;8,6539;2,10E-06;0,054909;vapor
32,148;1,12;17,207;0,058115;332,18;397,27;12,92;8,1425;85,165;375,41;8,5679;2,12E-06;0,055928;vapor
32,208;1,13;17,518;0,057084;330,55;395,06;12,834;8,1678;90,414;375,26;8,4794;2,14E-06;0,057016;vapor
32,268;1,14;17,841;0,05605;328,85;392,75;12,745;8,1935;96,356;375,1;8,3881;2,16E-06;0,058182;vapor
32,327;1,15;18,178;0,055013;327,07;390,34;12,653;8,2196;103,14;374,94;8,2937;2,18E-06;0,059438;vapor
32,385;1,16;18,529;0,053968;325,2;387,8;12,558;8,2461;110,95;374,79;8,1958;2,20E-06;0,060798;vapor
32,444;1,17;18,898;0,052914;323,22;385,13;12,459;8,2731;120,04;374,63;8,0941;2,23E-06;0,062281;vapor
32,502;1,18;19,287;0,051848;321,13;382,32;12,356;8,3004;130,76;374,48;7,9879;2,25E-06;0,063911;vapor
32,559;1,19;19,698;0,050766;318,91;379,33;12,248;8,3281;143,56;374,32;7,8766;2,28E-06;0,065718;vapor
32,616;1,2;20,136;0,049663;316,54;376,14;12,135;8,3561;159,12;374,18;7,7595;2,31E-06;0,067743;vapor
32,673;1,21;20,604;0,048533;313,99;372,72;12,015;8,3843;178,43;374,04;7,6354;2,34E-06;0,070043;vapor
32,729;1,22;21,111;0,047369;311,23;369,02;11,887;8,4127;202,98;373,91;7,5031;2,37E-06;0,072698;vapor
32,785;1,23;21,663;0,046161;308,2;364,98;11,75;8,441;235,23;373,8;7,3607;2,41E-06;0,075827;vapor
32,84;1,24;22,274;0,044895;304,85;360,52;11,6;8,4688;279,37;373,72;7,2058;2,45E-06;0,07962;vapor
32,895;1,25;22,963;0,043548;301,07;355,5;11,434;8,4955;343,27;373,69;7,0345;2,50E-06;0,084393;vapor
32,95;1,26;23,759;0,04209;296,7;349,73;11,246;8,5198;443,6;373,74;6,8411;2,55E-06;0,090742;vapor
33,004;1,27;24,715;0,040461;291,46;342,84;11,024;8,5392;622,61;373,96;6,6152;2,62E-06;0,099962;vapor
33,058;1,28;25,948;0,038539;284,74;334,07;10,747;8,5474;1026,5;374,53;6,3349;2,71E-06;0,11572;vapor
33,111;1,29;27,816;0,035951;274,7;321,07;10,342;undefined;undefined;undefined;5,9336;2,86E-06;undefined;vapor
33,145;1,2964;31,262;0,031987;256,69;298,16;9,6442;undefined;undefined;undefined;5,2562;3,15E-06;undefined;vapor
