Temperature (K);Pressure (MPa);Density (kg/m3);Volume (m3/kg);Internal Energy (kJ/kg);Enthalpy (kJ/kg);Entropy (J/g*K);Cv (J/g*K);Cp (J/g*K);Sound Spd, (m/s);Joule-Thomson (K/MPa);Viscosity (Pa*s);Therm, Cond, (W/m*K);Surf, Tension (N/m);Phase
20,324;0,1;70,899;0,014105;-1,8572;-0,44679;-0,02104;5,658;9,7476;1120,1;-0,95816;1,35E-05;0,1037;0,0019193;liquid
20,65;0,11;70,524;0,014179;1,2941;2,8539;0,13316;5,6791;9,9324;1110,9;-0,92394;1,32E-05;0,10377;0,0018631;liquid
20,956;0,12;70,167;0,014252;4,2951;6,0053;0,27782;5,6987;10,111;1102;-0,89144;1,29E-05;0,10381;0,0018105;liquid
21,243;0,13;69,824;0,014322;7,1663;9,0281;0,41431;5,717;10,285;1093,5;-0,86039;1,26E-05;0,10382;0,001761;liquid
21,516;0,14;69,494;0,01439;9,9244;11,939;0,54375;5,7343;10,455;1085,3;-0,83057;1,23E-05;0,10382;0,0017143;liquid
21,774;0,15;69,175;0,014456;12,583;14,751;0,66701;5,7507;10,622;1077,3;-0,80181;1,21E-05;0,10381;0,00167;liquid
22,021;0,16;68,867;0,014521;15,153;17,476;0,78482;5,7663;10,786;1069,6;-0,77396;1,18E-05;0,10378;0,0016278;liquid
22,257;0,17;68,567;0,014584;17,643;20,122;0,89778;5,7811;10,947;1062,1;-0,74691;1,16E-05;0,10373;0,0015875;liquid
22,483;0,18;68,275;0,014647;20,062;22,698;1,0064;5,7953;11,107;1054,7;-0,72056;1,14E-05;0,10368;0,001549;liquid
22,701;0,19;67,99;0,014708;22,416;25,211;1,1111;5,8089;11,265;1047,5;-0,69482;1,12E-05;0,10362;0,001512;liquid
22,91;0,2;67,712;0,014768;24,711;27,665;1,2123;5,822;11,421;1040,5;-0,66963;1,10E-05;0,10355;0,0014764;liquid
23,113;0,21;67,439;0,014828;26,953;30,066;1,3102;5,8346;11,577;1033,6;-0,64491;1,09E-05;0,10347;0,0014421;liquid
23,308;0,22;67,173;0,014887;29,144;32,419;1,4052;5,8468;11,732;1026,9;-0,62061;1,07E-05;0,10338;0,001409;liquid
23,498;0,23;66,911;0,014945;31,29;34,728;1,4974;5,8586;11,887;1020,3;-0,59668;1,06E-05;0,10329;0,0013771;liquid
23,681;0,24;66,654;0,015003;33,394;36,995;1,5872;5,87;12,041;1013,7;-0,57309;1,04E-05;0,10319;0,0013461;liquid
23,86;0,25;66,401;0,01506;35,459;39,224;1,6746;5,8811;12,195;1007,3;-0,54979;1,03E-05;0,10309;0,0013161;liquid
24,033;0,26;66,151;0,015117;37,487;41,417;1,7599;5,8919;12,349;1001;-0,52675;1,02E-05;0,10298;0,001287;liquid
24,202;0,27;65,906;0,015173;39,481;43,578;1,8432;5,9024;12,503;994,78;-0,50394;1,00E-05;0,10287;0,0012587;liquid
24,366;0,28;65,664;0,015229;41,444;45,708;1,9247;5,9126;12,657;988,64;-0,48133;9,91E-06;0,10277;0,0012312;liquid
24,527;0,29;65,425;0,015285;43,377;47,81;2,0044;5,9226;12,812;982,57;-0,45889;9,79E-06;0,10267;0,0012045;liquid
24,683;0,3;65,189;0,01534;45,282;49,884;2,0825;5,9323;12,968;976,58;-0,4366;9,68E-06;0,10256;0,0011784;liquid
24,836;0,31;64,955;0,015395;47,161;51,934;2,1591;5,9418;13,124;970,66;-0,41444;9,57E-06;0,10246;0,001153;liquid
24,985;0,32;64,724;0,01545;49,016;53,96;2,2342;5,9512;13,282;964,8;-0,39239;9,47E-06;0,10234;0,0011282;liquid
25,131;0,33;64,496;0,015505;50,847;55,964;2,308;5,9603;13,44;959;-0,37043;9,37E-06;0,10223;0,001104;liquid
25,275;0,34;64,269;0,015559;52,657;57,947;2,3806;5,9693;13,6;953,26;-0,34854;9,27E-06;0,10211;0,0010804;liquid
25,415;0,35;64,045;0,015614;54,446;59,911;2,4519;5,9782;13,761;947,57;-0,3267;9,17E-06;0,10198;0,0010573;liquid
25,552;0,36;63,823;0,015668;56,216;61,857;2,5221;5,9869;13,923;941,93;-0,30491;9,08E-06;0,10186;0,0010347;liquid
25,687;0,37;63,602;0,015723;57,968;63,785;2,5913;5,9955;14,087;936,34;-0,28313;8,99E-06;0,10173;0,0010125;liquid
25,819;0,38;63,383;0,015777;59,702;65,697;2,6594;6,0039;14,252;930,79;-0,26137;8,91E-06;0,1016;0,00099089;liquid
25,949;0,39;63,165;0,015831;61,42;67,594;2,7265;6,0122;14,42;925,29;-0,23961;8,82E-06;0,10147;0,00096968;liquid
26,076;0,4;62,949;0,015886;63,122;69,476;2,7928;6,0205;14,589;919,83;-0,21783;8,74E-06;0,10134;0,00094889;liquid
26,202;0,41;62,735;0,01594;64,809;71,345;2,8582;6,0286;14,76;914,4;-0,19603;8,66E-06;0,1012;0,00092852;liquid
26,325;0,42;62,521;0,015995;66,483;73,201;2,9228;6,0367;14,934;909,01;-0,17418;8,58E-06;0,10106;0,00090854;liquid
26,446;0,43;62,309;0,016049;68,143;75,044;2,9866;6,0446;15,109;903,65;-0,15229;8,50E-06;0,10092;0,00088893;liquid
26,565;0,44;62,097;0,016104;69,791;76,877;3,0497;6,0525;15,287;898,32;-0,13033;8,43E-06;0,10078;0,0008697;liquid
26,682;0,45;61,887;0,016158;71,427;78,698;3,112;6,0604;15,468;893,02;-0,1083;8,35E-06;0,10064;0,00085081;liquid
26,798;0,46;61,678;0,016213;73,052;80,51;3,1737;6,0682;15,652;887,75;-0,086191;8,28E-06;0,10049;0,00083226;liquid
26,912;0,47;61,469;0,016268;74,666;82,312;3,2348;6,0759;15,838;882,5;-0,063984;8,21E-06;0,10034;0,00081405;liquid
27,024;0,48;61,261;0,016324;76,27;84,105;3,2952;6,0837;16,027;877,28;-0,041674;8,14E-06;0,10019;0,00079615;liquid
27,134;0,49;61,054;0,016379;77,864;85,89;3,3551;6,0913;16,22;872,08;-0,01925;8,08E-06;0,10004;0,00077855;liquid
27,243;0,5;60,847;0,016435;79,45;87,667;3,4144;6,099;16,416;866,9;0,0032985;8,01E-06;0,099892;0,00076126;liquid
27,35;0,51;60,641;0,01649;81,027;89,437;3,4732;6,1066;16,615;861,74;0,025981;7,94E-06;0,099739;0,00074425;liquid
27,456;0,52;60,436;0,016547;82,595;91,2;3,5315;6,1143;16,818;856,6;0,048807;7,88E-06;0,099584;0,00072753;liquid
27,56;0,53;60,23;0,016603;84,157;92,956;3,5894;6,1219;17,025;851,47;0,071786;7,82E-06;0,099428;0,00071108;liquid
27,663;0,54;60,026;0,01666;85,711;94,707;3,6468;6,1295;17,236;846,36;0,09493;7,76E-06;0,09927;0,00069489;liquid
27,765;0,55;59,821;0,016717;87,259;96,453;3,7037;6,1371;17,451;841,27;0,11825;7,69E-06;0,099111;0,00067896;liquid
27,866;0,56;59,617;0,016774;88,8;98,193;3,7603;6,1448;17,671;836,18;0,14175;7,63E-06;0,098951;0,00066329;liquid
27,965;0,57;59,413;0,016831;90,336;99,93;3,8165;6,1524;17,895;831,11;0,16544;7,58E-06;0,098789;0,00064785;liquid
28,063;0,58;59,208;0,016889;91,866;101,66;3,8723;6,1601;18,124;826,05;0,18934;7,52E-06;0,098626;0,00063266;liquid
28,159;0,59;59,004;0,016948;93,391;103,39;3,9277;6,1679;18,359;821;0,21345;7,46E-06;0,098462;0,0006177;liquid
28,255;0,6;58,8;0,017007;94,911;105,12;3,9829;6,1756;18,598;815,96;0,23778;7,40E-06;0,098296;0,00060297;liquid
28,35;0,61;58,596;0,017066;96,427;106,84;4,0377;6,1834;18,844;810,92;0,26235;7,35E-06;0,098129;0,00058847;liquid
28,443;0,62;58,392;0,017126;97,94;108,56;4,0923;6,1913;19,095;805,9;0,28717;7,29E-06;0,097961;0,00057418;liquid
28,535;0,63;58,188;0,017186;99,448;110,28;4,1465;6,1992;19,353;800,87;0,31224;7,24E-06;0,097791;0,0005601;liquid
28,627;0,64;57,983;0,017246;100,95;111,99;4,2006;6,2072;19,617;795,85;0,33758;7,19E-06;0,097621;0,00054624;liquid
28,717;0,65;57,778;0,017307;102,46;113,71;4,2543;6,2152;19,888;790,83;0,3632;7,13E-06;0,097449;0,00053257;liquid
28,806;0,66;57,573;0,017369;103,96;115,42;4,3079;6,2233;20,166;785,82;0,38911;7,08E-06;0,097276;0,00051911;liquid
28,895;0,67;57,368;0,017431;105,45;117,13;4,3613;6,2315;20,452;780,81;0,41532;7,03E-06;0,097101;0,00050585;liquid
28,982;0,68;57,162;0,017494;106,95;118,85;4,4144;6,2398;20,746;775,79;0,44185;6,98E-06;0,096926;0,00049278;liquid
29,069;0,69;56,955;0,017558;108,45;120,56;4,4674;6,2482;21,049;770,78;0,46871;6,93E-06;0,096749;0,00047991;liquid
29,154;0,7;56,748;0,017622;109,94;122,27;4,5203;6,2567;21,36;765,76;0,49591;6,88E-06;0,096571;0,00046722;liquid
29,239;0,71;56,54;0,017687;111,43;123,99;4,573;6,2653;21,681;760,74;0,52347;6,83E-06;0,096392;0,00045471;liquid
29,323;0,72;56,332;0,017752;112,93;125,71;4,6256;6,274;22,011;755,72;0,55139;6,78E-06;0,096211;0,00044239;liquid
29,406;0,73;56,123;0,017818;114,42;127,43;4,678;6,2829;22,353;750,69;0,5797;6,73E-06;0,09603;0,00043025;liquid
29,489;0,74;55,913;0,017885;115,91;129,15;4,7304;6,2919;22,705;745,65;0,60841;6,68E-06;0,095848;0,00041828;liquid
29,57;0,75;55,702;0,017953;117,4;130,87;4,7827;6,301;23,069;740,61;0,63753;6,63E-06;0,095664;0,00040649;liquid
29,651;0,76;55,49;0,018021;118,9;132,6;4,8349;6,3103;23,445;735,56;0,66709;6,59E-06;0,095479;0,00039487;liquid
29,731;0,77;55,277;0,018091;120,4;134,33;4,8871;6,3197;23,835;730,51;0,69709;6,54E-06;0,095294;0,00038342;liquid
29,81;0,78;55,063;0,018161;121,89;136,06;4,9393;6,3293;24,239;725,44;0,72756;6,49E-06;0,095107;0,00037215;liquid
29,889;0,79;54,848;0,018232;123,39;137,8;4,9914;6,3391;24,657;720,36;0,75852;6,44E-06;0,094919;0,00036103;liquid
29,967;0,8;54,632;0,018304;124,9;139,54;5,0435;6,3491;25,092;715,27;0,78998;6,40E-06;0,094731;0,00035009;liquid
30,044;0,81;54,414;0,018378;126,4;141,29;5,0957;6,3593;25,543;710,17;0,82197;6,35E-06;0,094541;0,00033931;liquid
30,12;0,82;54,195;0,018452;127,91;143,04;5,1479;6,3697;26,012;705,05;0,8545;6,31E-06;0,094351;0,00032869;liquid
30,196;0,83;53,975;0,018527;129,43;144,81;5,2002;6,3803;26,5;699,91;0,8876;6,26E-06;0,09416;0,00031823;liquid
30,271;0,84;53,752;0,018604;130,95;146,57;5,2525;6,3912;27,008;694,77;0,92129;6,21E-06;0,093968;0,00030794;liquid
30,346;0,85;53,529;0,018682;132,47;148,35;5,3049;6,4023;27,539;689,6;0,9556;6,17E-06;0,093776;0,0002978;liquid
30,419;0,86;53,303;0,018761;134;150,13;5,3574;6,4136;28,093;684,41;0,99055;6,12E-06;0,093583;0,00028783;liquid
30,493;0,87;53,076;0,018841;135,53;151,92;5,4101;6,4252;28,672;679,21;1,0262;6,08E-06;0,09339;0,00027801;liquid
30,565;0,88;52,846;0,018923;137,07;153,72;5,4629;6,4372;29,278;673,98;1,0625;6,03E-06;0,093197;0,00026835;liquid
30,637;0,89;52,615;0,019006;138,62;155,54;5,5159;6,4494;29,914;668,73;1,0995;5,99E-06;0,093003;0,00025885;liquid
30,709;0,9;52,381;0,019091;140,18;157,36;5,5691;6,462;30,581;663,46;1,1373;5,94E-06;0,09281;0,00024951;liquid
30,779;0,91;52,145;0,019177;141,74;159,19;5,6225;6,4748;31,282;658,16;1,176;5,90E-06;0,092616;0,00024032;liquid
30,85;0,92;51,907;0,019265;143,31;161,04;5,6762;6,4881;32,019;652,83;1,2154;5,85E-06;0,092423;0,00023129;liquid
30,919;0,93;51,665;0,019355;144,89;162,9;5,7301;6,5017;32,797;647,48;1,2557;5,81E-06;0,092231;0,00022243;liquid
30,989;0,94;51,421;0,019447;146,49;164,77;5,7843;6,5158;33,619;642,1;1,2969;5,76E-06;0,09204;0,00021372;liquid
31,057;0,95;51,174;0,019541;148,09;166,66;5,8389;6,5302;34,487;636,68;1,3391;5,72E-06;0,091851;0,00020517;liquid
31,125;0,96;50,924;0,019637;149,71;168,56;5,8938;6,5452;35,408;631,23;1,3823;5,67E-06;0,091663;0,00019678;liquid
31,193;0,97;50,671;0,019735;151,34;170,48;5,9491;6,5606;36,386;625,75;1,4265;5,63E-06;0,091477;0,00018856;liquid
31,26;0,98;50,414;0,019836;152,98;172,42;6,0049;6,5765;37,426;620,23;1,4719;5,58E-06;0,091294;0,00018049;liquid
31,326;0,99;50,153;0,019939;154,64;174,38;6,0611;6,5929;38,535;614,67;1,5184;5,54E-06;0,091114;0,0001726;liquid
31,393;1;49,888;0,020045;156,31;176,36;6,1179;6,6099;39,721;609,07;1,5661;5,49E-06;0,090938;0,00016486;liquid
31,458;1,01;49,619;0,020154;158;178,36;6,1752;6,6276;40,991;603,43;1,6151;5,45E-06;0,090767;0,0001573;liquid
31,523;1,02;49,345;0,020265;159,72;180,39;6,2331;6,6458;42,355;597,74;1,6655;5,40E-06;0,090602;0,00014991;liquid
31,588;1,03;49,066;0,020381;161,45;182,44;6,2917;6,6648;43,825;592;1,7174;5,35E-06;0,090444;0,00014269;liquid
31,652;1,04;48,783;0,020499;163,2;184,52;6,3511;6,6846;45,414;586,21;1,7708;5,31E-06;0,090294;0,00013565;liquid
31,715;1,05;48,493;0,020622;164,98;186,63;6,4112;6,7051;47,136;580,36;1,8258;5,26E-06;0,090154;0,0001288;liquid
31,778;1,06;48,197;0,020748;166,78;188,77;6,4722;6,7265;49,009;574,46;1,8825;5,21E-06;0,090026;0,00012212;liquid
31,841;1,07;47,895;0,020879;168,61;190,95;6,5342;6,7488;51,055;568,5;1,9411;5,16E-06;0,089911;0,00011563;liquid
31,903;1,08;47,585;0,021015;170,47;193,17;6,5972;6,7722;53,299;562,47;2,0017;5,11E-06;0,089812;0,00010934;liquid
31,965;1,09;47,268;0,021156;172,37;195,43;6,6613;6,7966;55,771;556,37;2,0643;5,07E-06;0,089733;0,00010325;liquid
32,027;1,1;46,942;0,021303;174,3;197,74;6,7268;6,8222;58,508;550,19;2,1293;5,02E-06;0,089676;9,74E-05;liquid
32,087;1,11;46,608;0,021456;176,28;200,09;6,7936;6,8492;61,556;543,94;2,1967;4,96E-06;0,089646;9,17E-05;liquid
32,148;1,12;46,262;0,021616;178,29;202,5;6,862;6,8775;64,968;537,6;2,2667;4,91E-06;0,089647;8,62E-05;liquid
32,208;1,13;45,906;0,021784;180,36;204,98;6,9321;6,9074;68,817;531,16;2,3396;4,86E-06;0,089686;8,10E-05;liquid
32,268;1,14;45,538;0,02196;182,48;207,52;7,0041;6,939;73,19;524,63;2,4156;4,81E-06;0,08977;7,60E-05;liquid
32,327;1,15;45,155;0,022146;184,67;210,14;7,0784;6,9725;78,201;517,99;2,4951;4,75E-06;0,089907;7,12E-05;liquid
32,385;1,16;44,757;0,022343;186,92;212,84;7,1551;7,0082;83,999;511,23;2,5783;4,69E-06;0,090107;6,68E-05;liquid
32,444;1,17;44,341;0,022552;189,26;215,64;7,2346;7,0463;90,783;504,34;2,6657;4,64E-06;0,090384;6,26E-05;liquid
32,502;1,18;43,905;0,022776;191,68;218,56;7,3174;7,0871;98,822;497,31;2,7577;4,58E-06;0,090753;5,86E-05;liquid
32,559;1,19;43,447;0,023017;194,21;221,6;7,404;7,1311;108,49;490,12;2,855;4,51E-06;0,091235;5,50E-05;liquid
32,616;1,2;42,96;0,023277;196,87;224,8;7,495;7,1786;120,34;482,75;2,9583;4,45E-06;0,091858;5,17E-05;liquid
32,673;1,21;42,442;0,023561;199,67;228,18;7,5914;7,2305;135,16;475,18;3,0684;4,38E-06;0,092661;4,88E-05;liquid
32,729;1,22;41,886;0,023875;202,65;231,78;7,6942;7,2873;154,2;467,38;3,1867;4,31E-06;0,093697;4,62E-05;liquid
32,785;1,23;41,281;0,024224;205,86;235,65;7,8051;7,3504;179,49;459,3;3,3146;4,23E-06;0,095051;4,41E-05;liquid
32,84;1,24;40,616;0,024621;209,35;239,88;7,9263;7,421;214,58;450,9;3,4543;4,15E-06;0,096861;4,24E-05;liquid
32,895;1,25;39,871;0,025081;213,21;244,56;8,0613;7,5014;266,2;442,09;3,6093;4,06E-06;0,099367;4,12E-05;liquid
32,95;1,26;39,016;0,02563;217,6;249,89;8,2156;7,595;348,83;432,77;3,7846;3,95E-06;0,10304;4,05E-05;liquid
33,004;1,27;37,996;0,026319;222,78;256,21;8,3991;7,7073;499,85;422,75;3,9897;3,84E-06;0,10898;4,02E-05;liquid
33,058;1,28;36,693;0,027253;229,34;264,22;8,6337;7,8497;851,51;411,66;4,2444;3,69E-06;0,12042;4,01E-05;liquid
33,111;1,29;34,745;0,028781;239,09;276,21;8,9877;undefined;undefined;undefined;4,6123;3,49E-06;undefined;3,80E-05;liquid
33,145;1,2964;31,262;0,031987;256,69;298,16;9,6442;undefined;undefined;undefined;5,2562;3,15E-06;undefined;0;liquid
